index	value	noise
0	-0.25	F
1	0.25	F
2	-0.15	F
3	0.15	F
4	-0.2	F
5	0.25	F
6	-0.3	F
7	0.15	F
8	-0.1	F
9	0.0	F
10	-0.25	F
11	0.25	F
12	-0.15	F
13	0.15	F
14	-0.2	F
15	0.25	F
16	-0.3	F
17	0.15	F
18.0	-0.1	T
20.675264	0.0	T
23.350529	-0.25	T
26.025795	0.25	T
28.70106	-0.15	T
31.376324	0.15	T
34.05159	-0.2	T
36.726852	0.25	T
39.40212	-0.3	T
42.077385	0.15	T
43	0.0	F
44	-0.25	F
45	0.25	F
46	-0.15	F
47	0.15	F
48	-0.2	F
49	0.25	F
50	-0.3	F
51	0.15	F
52	-0.1	F
53	0.0	F
54	-0.25	F
55	0.25	F
56	-0.15	F
57	0.15	F
58	-0.2	F
59	0.25	F
60	-0.3	F
61	0.15	F
62	-0.1	F
63	0.0	F
64	-0.25	F
65	0.25	F
66	-0.15	F
67	0.15	F
68	-0.2	F
69	0.25	F
70	-0.3	F
71	0.15	F
72	-0.1	F
73	0.0	F
74	-0.25	F
75	0.25	F
76	-0.15	F
77.0	0.15	T
78.52843	-0.2	T
80.056854	0.25	T
81.58527	-0.3	T
83.1137	0.15	T
84.64212	-0.1	T
86.17055	0.0	T
87.698975	-0.25	T
89.2274	0.25	T
90.75582	-0.15	T
91	-0.2	F
92	0.25	F
93.0	-0.3	T
93.96109	0.15	T
94.92218	-0.1	T
95.88327	0.0	T
96.84435	-0.25	T
97.80544	0.25	T
98.766525	-0.15	T
99.727615	0.15	T
100.688705	-0.2	T
101.649796	0.25	T
102	0.15	F
103	-0.1	F
104	0.0	F
105	-0.25	F
106	0.25	F
107	-0.15	F
108	0.15	F
109	-0.2	F
110	0.25	F
111	-0.3	F
112	0.15	F
113	-0.1	F
114	0.0	F
115	-0.25	F
116	0.25	F
117	-0.15	F
118	0.15	F
119	-0.2	F
120.0	0.25	T
120.169815	-0.3	T
120.33963	0.15	T
120.509445	-0.1	T
120.67926	0.0	T
120.849075	-0.25	T
121.01888	0.25	T
121.1887	-0.15	T
121.35851	0.15	T
121.52833	-0.2	T
122	-0.3	F
123	0.15	F
124	-0.1	F
125	0.0	F
126	-0.25	F
127	0.25	F
128	-0.15	F
129	0.15	F
130	-0.2	F
131	0.25	F
132	-0.3	F
133	0.15	F
134	-0.1	F
135	0.0	F
136	-0.25	F
137	0.25	F
138	-0.15	F
139	0.15	F
140	-0.2	F
141	0.25	F
142	-0.3	F
143	0.1078202348924503	T
144	-0.1	F
145	0.0	F
146	-0.25	F
147	0.25	F
148	-0.15	F
149	0.15	F
150	-0.2	F
151	0.25	F
152	-0.3	F
153	0.15	F
154	-0.1	F
155	0.0	F
156	-0.25	F
157	0.25	F
158	-0.15	F
159	0.196580404014694	T
160	-0.2	F
161	0.25	F
162	-0.3	F
163	0.15	F
164	-0.1	F
165	0.0	F
166	-0.25	F
167	0.25	F
168	-0.15	F
169	0.15	F
170	-0.2	F
171	0.25	F
172	-0.3	F
173	0.15	F
174	-0.1	F
175	0.0	F
176	-0.25	F
177	0.25	F
178	-0.15	F
179	0.15	F
180	-0.2	F
181	0.25	F
182	-0.3	F
183	0.15	F
184	-0.3877829278151983	T
185	0.0	F
186	-0.25	F
187	0.25	F
188	-0.15	F
189	0.15	F
190	-0.2	F
191	0.25	F
192	-0.3	F
193	0.15	F
194	-0.1	F
195	0.0	F
196	-0.25	F
197	0.25	F
198	-0.9598979616623988	T
199	0.15	F
200	-0.2	F
201	0.42375343766927376	T
202	-0.7072021687250784	T
203	0.15	F
204	-0.1	F
205	0.0	F
206	-0.25	F
207	0.25	F
208	-0.15	F
209	0.15	F
210	-0.2	F
211	0.25	F
212	-0.3	F
213	0.15	F
214	-0.1	F
215	0.0	F
216	-0.25	F
217	0.25	F
218	-0.15	F
219	0.15	F
220	-0.2	F
221	0.44783290343405546	T
222	-0.3	F
223	0.15	F
224	-0.1	F
225	0.0	F
226	-0.25	F
227	0.25	F
228	-0.15	F
229	0.15	F
230	-0.2	F
231	0.25	F
232	-0.3	F
233.0	0.15	T
234.22246	-0.1	T
235.44492	0.0	T
236.66736	-0.25	T
237.88982	0.25	T
239.11227	-0.15	T
240.33473	0.15	T
241.55719	-0.2	T
242.77965	0.25	T
244.00209	-0.3	T
245	-0.1	F
246	0.0	F
247	-0.25	F
248	0.25	F
249	-0.15	F
250	0.15	F
251	-0.2	F
252	0.25	F
253	-0.3	F
254	0.15	F
255	-0.1	F
256	0.0	F
257	-0.25	F
258	0.25	F
259	-0.15	F
260	0.15	F
261	-0.2	F
262	0.25	F
263	-0.3	F
264	0.15	F
265	-0.1	F
266	0.0	F
267	-0.25	F
268	0.25	F
269	-0.15	F
270	0.15	F
271	-0.2	F
272	0.25	F
273	-0.3	F
274	0.15	F
275	-0.1	F
276	0.0	F
277	-0.25	F
278	0.25	F
279	-0.15	F
280	0.15	F
281	-0.2	F
282	0.25	F
283	-0.3	F
284	0.15	F
285	-0.1	F
286	0.0	F
287	-0.25	F
288	0.25	F
289	-0.15	F
290	0.15	F
291	-0.2	F
292	0.25	F
293	-0.3	F
294	0.15	F
295	-0.1	F
296	0.0	F
297	-0.25	F
298	0.25	F
299	-0.15	F
300	0.15	F
301	-0.2	F
302	0.25	F
303	-0.3	F
304	0.15	F
305.0	-0.1	T
307.02576	0.0	T
309.05148	-0.25	T
311.0772	0.25	T
313.10297	-0.15	T
315.1287	0.15	T
317.15442	-0.2	T
319.18018	0.25	T
321.2059	-0.3	T
323.23166	0.15	T
324	0.0	F
325	-0.25	F
326	0.9474085172723521	T
327	-0.15	F
328	0.15	F
329	-0.2	F
330	0.25	F
331	-0.3	F
332	0.15	F
333	-0.1	F
334	0.0	F
335	-0.25	F
336	0.25	F
337	-0.15	F
338	0.15	F
339.0	-0.2	T
340.8243	0.25	T
342.64862	-0.3	T
344.47296	0.15	T
346.29727	-0.1	T
348.12158	0.0	T
349.9459	-0.25	T
351.7702	0.25	T
353.59454	-0.15	T
355.41885	0.15	T
356	0.25	F
357	-0.3	F
358	0.15	F
359	-0.1	F
360	0.0	F
361	-0.25	F
362	0.25	F
363	-0.15	F
364	0.15	F
365	-0.2	F
366	0.25	F
367	-0.3	F
368	0.15	F
369	-0.1	F
370	0.0	F
371	-0.25	F
372	0.25	F
373	-0.15	F
374	0.15	F
375	-0.2	F
376	0.25	F
377.0	-0.3	T
378.06467	0.15	T
379.12936	-0.1	T
380.19403	0.0	T
381.25873	-0.25	T
382.3234	0.25	T
383.3881	-0.15	T
384.45276	0.15	T
385.51746	-0.2	T
386.58212	0.25	T
387	0.15	F
388	-0.1	F
389	0.0	F
390	-0.25	F
391	0.25	F
392	-0.15	F
393	0.15	F
394	-0.2	F
395	0.25	F
396	-0.3	F
397	0.15	F
398	-0.1	F
399	0.0	F
400	-0.25	F
401	0.25	F
402	-0.15	F
403	0.15	F
404	-0.2	F
405	0.25	F
406	-0.3	F
407	0.15	F
408	-0.1	F
409	0.0	F
410	-0.25	F
411	0.25	F
412	-0.15	F
413	0.15	F
414	-0.2	F
415	0.25	F
416	-0.3	F
417	0.15	F
418	-0.1	F
419	0.0	F
420	-0.7037343830109526	T
421	0.25	F
422	-0.15	F
423	0.15	F
424	-0.2	F
425	0.25	F
426	-0.3	F
427	0.15	F
428	-0.1	F
429	0.0	F
430	-0.25	F
431	0.25	F
432	-0.15	F
433	0.15	F
434	-0.2	F
435	0.25	F
436	-0.3	F
437	0.15	F
438	-0.1	F
439	0.0	F
440	-0.25	F
441	0.25	F
442	-0.15	F
443	0.15	F
444	-0.2	F
445	0.25	F
446	-0.3	F
447	0.15	F
448	-0.1	F
449	0.0	F
450	-0.25	F
451	0.25	F
452	-0.15	F
453	0.15	F
454	-0.2	F
455	0.25	F
456	-0.3	F
457	0.15	F
458	-0.16860354732618787	T
459	0.0	F
460	-0.25	F
461	0.25	F
462	-0.15	F
463	0.15	F
464.0	-0.2	T
464.57852	0.25	T
465.157	-0.3	T
465.73553	0.15	T
466.31403	-0.1	T
466.89255	0.0	T
467.47107	-0.25	T
468.04956	0.25	T
468.62808	-0.15	T
469.20657	0.15	T
470	0.25	F
471	-0.3	F
472	0.15	F
473	-0.1	F
474	0.0	F
475	-0.25	F
476	0.25	F
477	-0.15	F
478	0.15	F
479	-0.2	F
480	0.25	F
481	-0.3	F
482	0.15	F
483	-0.1	F
484	0.0	F
485	-0.25	F
486	0.25	F
487	-0.15	F
488	0.15	F
489	-0.2	F
490	0.25	F
491	-0.3	F
492	0.15	F
493	-0.1	F
494	0.0	F
495	-0.25	F
496	0.25	F
497	-0.2410110673910012	T
498	0.15	F
499	-0.2	F
500	0.25	F
501	-0.3	F
502	0.15	F
503	-0.1	F
504	0.0	F
505	-0.25	F
506	0.25	F
507	-0.15	F
508	0.15	F
509	-0.2	F
510	0.25	F
511	-0.3	F
512	0.15	F
513	-0.1	F
514	0.0	F
515	-0.25	F
516	0.25	F
517	-0.15	F
518	0.15	F
519	-0.2	F
520	0.25	F
521	-0.3	F
522	0.24497287120630318	T
523	-0.1	F
524	0.0	F
525	-0.25	F
526	0.25	F
527	-0.15	F
528	0.15	F
529	-0.2	F
530	0.25	F
531	-0.3	F
532	0.15	F
533	-0.1	F
534	0.0	F
535	-0.25	F
536	0.25	F
537	-0.15	F
538	0.15	F
539	-0.2	F
540	0.25	F
541	-0.3	F
542	0.15	F
543	-0.1	F
544	0.0	F
545	-0.25	F
546	0.25	F
547	-0.15	F
548	0.7070516941644618	T
549	-0.2	F
550	0.25	F
551	-0.3	F
552	0.15	F
553	-0.1	F
554	0.0	F
555	-0.25	F
556	0.25	F
557	-0.15	F
558	0.15	F
559	-0.2	F
560	0.25	F
561	-0.3	F
562	0.15	F
563	-0.1	F
564	0.0	F
565	-0.7629145229157098	T
566	0.25	F
567	-0.15	F
568	0.15	F
569	-0.2	F
570	0.25	F
571	-0.3	F
572	0.15	F
573	-0.1	F
574	0.0	F
575	-0.25	F
576	0.25	F
577	-0.15	F
578	0.15	F
579	-0.2	F
580	0.25	F
581	-0.3	F
582	0.004205602963819333	T
583	-0.07884187685092792	T
584	0.0	F
585	-0.25	F
586	0.25	F
587	-0.15	F
588	0.15	F
589	-0.2	F
590	0.25	F
591	-0.3	F
592	0.15	F
593	-0.1	F
594	0.0	F
595	-0.25	F
596	0.25	F
597	-0.15	F
598	0.15	F
599	-0.2	F
600	0.25	F
601	-0.3	F
602	0.15	F
603	-0.1	F
604	0.0	F
605	-0.25	F
606	0.25	F
607	-0.15	F
608	0.15	F
609.0	-0.2	T
611.71545	0.25	T
614.43085	-0.3	T
617.1463	0.15	T
619.8617	-0.1	T
622.57715	0.0	T
625.29254	-0.25	T
628.008	0.25	T
630.72345	-0.15	T
633.43884	0.15	T
634	0.25	F
635	-0.3	F
636	0.15	F
637	-0.1	F
638	0.0	F
639	-0.25	F
640	0.25	F
641	-0.15	F
642	0.15	F
643	-0.2	F
644	0.25	F
645	-0.3	F
646	0.15	F
647	-0.1	F
648	0.47502001061530585	T
649	-0.25	F
650	0.25	F
651	-0.15	F
652	0.15	F
653	-0.2	F
654	0.25	F
655	-0.3	F
656	0.15	F
657	-0.1	F
658	0.0	F
659	-0.25	F
660	0.25	F
661	-0.15	F
662	0.15	F
663	-0.2	F
664	0.25	F
665	-0.3	F
666	0.15	F
667	-0.1	F
668	0.0	F
669	-0.25	F
670	0.25	F
671	-0.15	F
672	0.15	F
673	-0.2	F
674	0.8733429759703457	T
675	-0.3	F
676	0.15	F
677	-0.1	F
678	0.0	F
679	-0.25	F
680	0.25	F
681	-0.2761085238822304	T
682.0	0.15	T
683.2556	-0.2	T
684.51117	0.25	T
685.7668	-0.3	T
687.02234	0.15	T
688.27795	-0.1	T
689.53357	0.0	T
690.7891	-0.25	T
692.04474	0.25	T
693.3003	-0.15	T
694	-0.2	F
695	0.25	F
696	-0.3	F
697	0.15	F
698	-0.1	F
699	0.0	F
700	-0.25	F
701	0.25	F
702	-0.15	F
703	0.15	F
704	-0.2	F
705.0	0.25	T
707.3757	-0.3	T
709.7513	0.15	T
712.12695	-0.1	T
714.5026	0.0	T
716.87823	-0.25	T
719.2539	0.25	T
721.6296	-0.15	T
724.00525	0.15	T
726.38086	-0.2	T
727	-0.3	F
728	0.15	F
729	-0.1	F
730	0.0	F
731	-0.25	F
732	0.8961313558558263	T
733	-0.15	F
734	0.15	F
735	-0.2	F
736	0.25	F
737	-0.3	F
738	0.15	F
739	-0.1	F
740	0.0	F
741	-0.25	F
742	0.25	F
743	-0.15	F
744	0.15	F
745	-0.2	F
746	0.25	F
747	-0.3	F
748	0.15	F
749	-0.1	F
750	0.0	F
751	-0.25	F
752	0.25	F
753	-0.15	F
754	0.15	F
755	-0.2	F
756	0.25	F
757	-0.3	F
758	0.15	F
759	-0.1	F
760	0.0	F
761	-0.25	F
762	0.25	F
763	-0.15	F
764	0.15	F
765	-0.2	F
766	0.25	F
767	-0.3	F
768	0.15	F
769	-0.42571923665004696	T
770	0.0	F
771	-0.25	F
772	0.25	F
773	-0.15	F
774	0.15	F
775	-0.6376876808210487	T
776	0.25	F
777	-0.3	F
778	0.15	F
779	-0.1	F
780	0.0	F
781	-0.25	F
782	0.1191396444681031	T
783.0	-0.15	T
785.4968	0.15	T
787.9936	-0.2	T
790.4904	0.25	T
792.9872	-0.3	T
795.484	0.15	T
797.98083	-0.1	T
800.4776	0.0	T
802.9744	-0.25	T
805.4712	0.25	T
806	0.15	F
807	-0.2	F
808	0.25	F
809	-0.3	F
810	0.15	F
811	-0.1	F
812	0.0	F
813	-0.25	F
814	0.25	F
815	-0.15	F
816	0.15	F
817	-0.2	F
818	0.25	F
819	-0.3	F
820	0.15	F
821	-0.1	F
822	0.0	F
823	-0.05529972822010332	T
824	0.25	F
825	-0.15	F
826	0.15	F
827	-0.2	F
828	0.25	F
829	-0.3	F
830	0.15	F
831	-0.1	F
832	0.0	F
833	-0.25	F
834	0.25	F
835	-0.15	F
836	0.15	F
837	-0.2	F
838	0.25	F
839	-0.3	F
840	0.15	F
841	-0.1	F
842	0.0	F
843	-0.008095446864196942	T
844	0.25	F
845	-0.15	F
846	0.15	F
847	-0.2	F
848	0.25	F
849	-0.3	F
850	0.15	F
851	-0.1	F
852	0.0	F
853	-0.25	F
854	0.25	F
855	-0.15	F
856	0.15	F
857	-0.2	F
858.0	0.25	T
858.8669	-0.3	T
859.73376	0.15	T
860.6006	-0.1	T
861.46747	0.0	T
862.33435	-0.25	T
863.20123	0.25	T
864.0681	-0.15	T
864.93494	0.15	T
865.8018	-0.2	T
866	-0.3	F
867	0.15	F
868	-0.1	F
869	0.0	F
870	-0.25	F
871	0.25	F
872	-0.15	F
873	0.15	F
874	-0.2	F
875	0.25	F
876	-0.3	F
877	0.7351421113503465	T
878	-0.1	F
879	0.0	F
880	-0.25	F
881	0.25	F
882	-0.15	F
883	0.06789139097165431	T
884	-0.2	F
885	0.25	F
886	-0.3	F
887	0.15	F
888	-0.1	F
889	0.0	F
890	-0.25	F
891	0.25	F
892	-0.15	F
893	0.15	F
894	-0.2	F
895	0.25	F
896	-0.3	F
897	0.15	F
898	-0.1	F
899	0.0	F
900	-0.25	F
901	0.25	F
902	-0.6201800777142035	T
903	0.15	F
904	-0.2	F
905	0.25	F
906	-0.3	F
907	0.15	F
908	-0.1	F
909	0.0	F
910	-0.25	F
911	0.25	F
912	-0.15	F
913	0.15	F
914	-0.2	F
915	0.25	F
916	-0.3	F
917	0.15	F
918	-0.1	F
919	0.0	F
920	-0.25	F
921	0.25	F
922.0	-0.15	T
924.80994	0.15	T
927.6199	-0.2	T
930.4298	0.25	T
933.23975	-0.3	T
936.0497	0.15	T
938.85956	-0.1	T
941.6695	0.0	T
944.47943	-0.25	T
947.28937	0.25	T
948	0.15	F
949	-0.2734113420502655	T
950	0.25	F
951	-0.3	F
952	0.15	F
953	-0.1	F
954	0.0	F
955	-0.25	F
956	0.25	F
957	-0.15	F
958	0.15	F
959	-0.2	F
960.0	0.25	T
962.72864	-0.3	T
965.45734	0.15	T
968.186	-0.1	T
970.9147	0.0	T
973.6433	-0.25	T
976.37195	0.25	T
979.10065	-0.15	T
981.8293	0.15	T
984.558	-0.2	T
985	-0.3	F
986	0.15	F
987	-0.5582957253987203	T
988	0.0	F
989	-0.25	F
990	0.25	F
991	-0.15	F
992	0.15	F
993.0	-0.2	T
995.17084	0.25	T
997.3416	-0.3	T
999.51245	0.15	T
1001.6832	-0.1	T
1003.85406	0.0	T
1006.02484	-0.25	T
1008.1957	0.25	T
1010.36646	-0.15	T
1012.5373	0.15	T
1013	0.25	F
1014	-0.3	F
1015	0.15	F
1016	-0.1	F
1017	0.0	F
1018	-0.25	F
1019	0.25	F
1020	-0.15	F
1021	0.15	F
1022	-0.2	F
1023	0.25	F
1024	-0.3	F
1025	0.15	F
1026	-0.1	F
1027	0.0	F
1028	-0.25	F
1029	0.25	F
1030	-0.15	F
1031	0.15	F
1032	-0.2	F
1033	0.25	F
1034	-0.3	F
1035	0.15	F
1036	-0.1	F
1037	0.0	F
1038	-0.25	F
1039	0.25	F
1040	-0.15	F
1041	0.15	F
1042	-0.2	F
1043	0.25	F
1044	-0.3	F
1045	0.15	F
1046	-0.1	F
1047	0.0	F
1048	-0.25	F
1049	0.25	F
1050	-0.15	F
1051	0.15	F
1052	-0.2	F
1053	0.25	F
1054	-0.3	F
1055	0.15	F
1056	-0.1	F
1057	0.0	F
1058	-0.25	F
1059	0.25	F
1060	-0.15	F
1061	0.15	F
1062	-0.2	F
1063	0.25	F
1064	-0.3	F
1065	0.15	F
1066	-0.1	F
1067	0.0	F
1068	-0.25	F
1069	0.25	F
1070	-0.15	F
1071	0.15	F
1072	-0.2	F
1073	0.25	F
1074	-0.3	F
1075	0.15	F
1076	-0.1	F
1077	0.0	F
1078	-0.25	F
1079	0.25	F
1080	-0.15	F
1081	0.15	F
1082	-0.2	F
1083	0.25	F
1084	-0.3	F
1085	0.15	F
1086	-0.1	F
1087	0.0	F
1088	-0.25	F
1089	0.25	F
1090	-0.15	F
1091	0.15	F
1092	-0.2	F
1093	0.25	F
1094	-0.3	F
1095	0.15	F
1096	-0.1	F
1097	0.0	F
1098	-0.25	F
1099	0.25	F
1100	-0.15	F
1101	0.15	F
1102	-0.2	F
1103	0.25	F
1104	-0.3	F
1105	0.15	F
1106	-0.1	F
1107	0.0	F
1108	-0.25	F
1109	0.25	F
1110	-0.15	F
1111	0.15	F
1112	-0.2	F
1113	0.25	F
1114	-0.3	F
1115	0.15	F
1116	-0.1	F
1117	0.0	F
1118.0	-0.25	T
1119.8076	0.25	T
1121.615	-0.15	T
1123.4226	0.15	T
1125.2302	-0.2	T
1127.0377	0.25	T
1128.8452	-0.3	T
1130.6528	0.15	T
1132.4603	-0.1	T
1134.2678	0.0	T
1135	0.25	F
1136	-0.15	F
1137	0.15	F
1138	-0.2	F
1139	0.25	F
1140	-0.3	F
1141	0.15	F
1142	-0.1	F
1143	0.35531744024759526	T
1144	-0.25	F
1145	0.25	F
1146	-0.15	F
1147	0.15	F
1148	-0.2	F
1149	0.25	F
1150	-0.3	F
1151	0.15	F
1152	-0.1	F
1153	0.0	F
1154	-0.25	F
1155	0.25	F
1156	-0.15	F
1157	0.15	F
1158	-0.2	F
1159	0.25	F
1160	-0.3	F
1161	0.15	F
1162	-0.1	F
1163	0.0	F
1164.0	-0.25	T
1164.4424	0.25	T
1164.8848	-0.15	T
1165.327	0.15	T
1165.7694	-0.2	T
1166.2117	0.25	T
1166.654	-0.3	T
1167.0964	0.15	T
1167.5388	-0.1	T
1167.9812	0.0	T
1168	0.25	F
1169	-0.15	F
1170	0.15	F
1171	-0.2	F
1172	0.25	F
1173	-0.3	F
1174	0.15	F
1175	-0.1	F
1176	0.0	F
1177	-0.25	F
1178	0.25	F
1179	-0.15	F
1180	0.15	F
1181	-0.2	F
1182	0.25	F
1183	-0.3	F
1184	0.15	F
1185	-0.1	F
1186	0.0	F
1187	-0.25	F
1188	0.25	F
1189	-0.15	F
1190	0.15	F
1191	-0.2	F
1192	0.25	F
1193	-0.3	F
1194	0.15	F
1195	-0.04852643492230724	T
1196	0.0	F
1197	-0.25	F
1198	0.25	F
1199	-0.15	F
1200	0.15	F
1201	-0.2	F
1202	0.25	F
1203	-0.3	F
1204	0.15	F
1205	-0.1	F
1206	0.0	F
1207	-0.25	F
1208	0.25	F
1209	-0.15	F
1210	0.15	F
1211	-0.2	F
1212	0.25	F
1213	-0.3	F
1214	0.15	F
1215	-0.1	F
1216	0.0	F
1217	-0.25	F
1218	0.25	F
1219	-0.15	F
1220	0.15	F
1221	-0.2	F
1222	0.25	F
1223	-0.3	F
1224	0.15	F
1225	-0.1	F
1226	0.0	F
1227	-0.25	F
1228	0.25	F
1229	-0.15	F
1230	0.15	F
1231	-0.2	F
1232	0.25	F
1233	-0.3	F
1234	0.15	F
1235	-0.1	F
1236	0.0	F
1237	-0.25	F
1238	0.25	F
1239	-0.15	F
1240	0.15	F
1241	-0.2	F
1242	0.3862661019247351	T
1243	-0.3	F
1244	0.15	F
1245	-0.1	F
1246	0.0	F
1247	-0.25	F
1248	0.25	F
1249	-0.15	F
1250	0.15	F
1251	-0.2	F
1252	0.25	F
1253.0	-0.3	T
1253.7651	0.15	T
1254.5304	-0.1	T
1255.2955	0.0	T
1256.0608	-0.25	T
1256.8259	0.25	T
1257.5911	-0.15	T
1258.3563	0.15	T
1259.1216	-0.2	T
1259.8867	0.25	T
1260	0.15	F
1261	-0.1	F
1262	0.0	F
1263	-0.25	F
1264	0.25	F
1265	-0.15	F
1266	0.15	F
1267.0	-0.2	T
1268.2515	0.25	T
1269.5028	-0.3	T
1270.7543	0.15	T
1272.0056	-0.1	T
1273.2571	0.0	T
1274.5085	-0.25	T
1275.7599	0.25	T
1277.0114	-0.15	T
1278.2627	0.15	T
1279.0	0.25	T
1280.0753	-0.3	T
1281.1506	0.15	T
1282.2258	-0.1	T
1283.3011	0.0	T
1284.3765	-0.25	T
1285.4518	0.25	T
1286.5271	-0.15	T
1287.6023	0.15	T
1288.6777	-0.2	T
1289	-0.3	F
1290	0.15	F
1291	-0.1	F
1292	0.38996396335370265	T
1293	-0.25	F
1294	0.25	F
1295	-0.15	F
1296	0.15	F
1297	-0.2	F
1298	0.25	F
1299	-0.3	F
1300	0.15	F
1301	-0.1	F
1302	0.0	F
1303	-0.25	F
1304.0	0.25	T
1304.9487	-0.15	T
1305.8977	0.15	T
1306.8464	-0.2	T
1307.7952	0.25	T
1308.7441	-0.3	T
1309.6929	0.15	T
1310.6416	-0.1	T
1311.5905	0.0	T
1312.5393	-0.25	T
1313	-0.15	F
1314	0.15	F
1315	-0.2	F
1316	0.25	F
1317	-0.3	F
1318	0.15	F
1319	-0.1	F
1320	0.0	F
1321	-0.25	F
1322	0.25	F
1323	-0.15	F
1324	0.15	F
1325	-0.2	F
1326	0.25	F
1327	-0.3	F
1328	0.15	F
1329	-0.1	F
1330	0.0	F
1331	-0.25	F
1332	0.25	F
1333	-0.15	F
1334	0.15	F
1335	-0.2	F
1336	0.25	F
1337	-0.3	F
1338.0	0.15	T
1340.4407	-0.1	T
1342.8815	0.0	T
1345.3221	-0.25	T
1347.763	0.25	T
1350.2036	-0.15	T
1352.6444	0.15	T
1355.0851	-0.2	T
1357.5259	0.25	T
1359.9666	-0.3	T
1360	-0.1	F
1361	0.0	F
1362	-0.25	F
1363	0.25	F
1364	-0.15	F
1365	0.15	F
1366	-0.2	F
1367	0.25	F
1368	-0.3	F
1369	0.15	F
1370	-0.1	F
1371	0.0	F
1372	-0.25	F
1373	0.25	F
1374	-0.15	F
1375	0.15	F
1376	-0.2	F
1377.0	0.25	T
1378.2664	-0.3	T
1379.5327	0.15	T
1380.799	-0.1	T
1382.0653	0.0	T
1383.3317	-0.25	T
1384.598	0.25	T
1385.8643	-0.15	T
1387.1306	0.15	T
1388.397	-0.2	T
1389	-0.3	F
1390	0.15	F
1391	-0.1	F
1392	0.0	F
1393	-0.25	F
1394	0.25	F
1395	-0.15	F
1396	0.15	F
1397	-0.2	F
1398	0.25	F
1399	-0.3	F
1400	0.15	F
1401	-0.1	F
1402	0.0	F
1403	-0.25	F
1404	0.25	F
1405	-0.15	F
1406	0.15	F
1407	-0.2	F
1408	0.25	F
1409	-0.3	F
1410	0.15	F
1411	-0.1	F
1412	0.0	F
1413	-0.25	F
1414	0.25	F
1415	-0.15	F
1416	0.15	F
1417	-0.2	F
1418	0.25	F
1419	-0.3	F
1420	0.15	F
1421	-0.1	F
1422	0.0	F
1423	-0.25	F
1424	0.25	F
1425	-0.15	F
1426	0.15	F
1427	-0.2	F
1428	0.25	F
1429	-0.3	F
1430	0.15	F
1431	-0.1	F
1432.0	0.0	T
1434.7567	-0.25	T
1437.5135	0.25	T
1440.2703	-0.15	T
1443.0271	0.15	T
1445.7838	-0.2	T
1448.5405	0.25	T
1451.2974	-0.3	T
1454.0541	0.15	T
1456.8109	-0.1	T
1457	-0.25	F
1458	0.25	F
1459	-0.15	F
1460	0.15	F
1461	-0.2	F
1462	0.25	F
1463	-0.3	F
1464	0.15	F
1465	-0.1	F
1466	0.0	F
1467	-0.25	F
1468	0.25	F
1469	-0.15	F
1470	0.01717324447200952	T
1471	-0.2	F
1472	0.25	F
1473	-0.3	F
1474	0.15	F
1475	-0.1	F
1476	0.0	F
1477	-0.25	F
1478	0.25	F
1479	-0.15	F
1480	0.15	F
1481	-0.2	F
1482	0.25	F
1483	-0.3	F
1484	0.15	F
1485.0	-0.1	T
1486.3043	0.0	T
1487.6085	-0.25	T
1488.9128	0.25	T
1490.217	-0.15	T
1491.5214	0.15	T
1492.8257	-0.2	T
1494.1299	0.25	T
1495.4342	-0.3	T
1496.7384	0.15	T
1497	0.0	F
1498	-0.25	F
1499	0.25	F
1500	-0.15	F
1501	0.15	F
1502	-0.2	F
1503	0.25	F
1504	-0.3	F
1505	0.15	F
1506	-0.1	F
1507	0.0	F
1508	-0.25	F
1509	0.25	F
1510	-0.15	F
1511	0.15	F
1512	-0.2	F
1513	0.25	F
1514	-0.3	F
1515	0.15	F
1516	-0.1	F
1517	0.0	F
1518	-0.25	F
1519	0.25	F
1520	-0.15	F
1521	0.15	F
1522	-0.2	F
1523	0.25	F
1524	-0.3	F
1525	0.15	F
1526	-0.1	F
1527	0.0	F
1528	-0.25	F
1529	0.25	F
1530	-0.15	F
1531	0.15	F
1532	-0.2	F
1533	0.25	F
1534	-0.3	F
1535	0.15	F
1536	-0.1	F
1537	0.0	F
1538	-0.25	F
1539	0.25	F
1540	-0.15	F
1541	0.15	F
1542	-0.2	F
1543	0.25	F
1544	-0.3	F
1545	0.15	F
1546	-0.1	F
1547	0.0	F
1548	-0.25	F
1549	0.25	F
1550	-0.15	F
1551	0.15	F
1552	-0.2	F
1553	0.25	F
1554	-0.3	F
1555	0.15	F
1556	-0.1	F
1557	0.0	F
1558	-0.25	F
1559	0.25	F
1560	-0.15	F
1561	0.15	F
1562	-0.2	F
1563	0.25	F
1564	-0.3	F
1565	0.15	F
1566	-0.1	F
1567	0.0	F
1568	-0.25	F
1569	0.25	F
1570	-0.15	F
1571	0.15	F
1572	-0.2	F
1573	0.25	F
1574	-0.3	F
1575	0.15	F
1576	-0.1	F
1577	0.0	F
1578	-0.25	F
1579	0.25	F
1580	-0.15	F
1581	0.15	F
1582	-0.9608098099369745	T
1583	0.25	F
1584	-0.3	F
1585	0.15	F
1586	-0.1	F
1587	0.0	F
1588	-0.25	F
1589	0.25	F
1590	-0.15	F
1591	0.15	F
1592	-0.2	F
1593	0.25	F
1594	-0.3	F
1595	0.15	F
1596	-0.1	F
1597	0.0	F
1598	-0.25	F
1599	0.25	F
1600	-0.15	F
1601	0.15	F
1602	-0.2	F
1603	0.25	F
1604	-0.3	F
1605	0.15	F
1606	-0.1	F
1607	0.0	F
1608	-0.25	F
1609	0.25	F
1610	-0.15	F
1611	0.15	F
1612	-0.2	F
1613	0.25	F
1614	-0.3	F
1615	0.15	F
1616	-0.1	F
1617	0.0	F
1618	-0.25	F
1619	0.25	F
1620	-0.15	F
1621	0.15	F
1622	-0.2	F
1623	0.25	F
1624	-0.3	F
1625	0.15	F
1626	-0.1	F
1627	0.0	F
1628	-0.25	F
1629	0.25	F
1630	-0.15	F
1631	0.15	F
1632	-0.2	F
1633	0.25	F
1634.0	-0.3	T
1634.7806	0.15	T
1635.5613	-0.1	T
1636.3419	0.0	T
1637.1226	-0.25	T
1637.9032	0.25	T
1638.6838	-0.15	T
1639.4645	0.15	T
1640.2452	-0.2	T
1641.0259	0.25	T
1642	0.15	F
1643	-0.04169744012621479	T
1644	0.0	F
1645	-0.25	F
1646	0.25	F
1647	-0.15	F
1648	0.15	F
1649	-0.2	F
1650	0.25	F
1651	-0.3	F
1652	0.15	F
1653	-0.1	F
1654	0.0	F
1655	-0.25	F
1656	0.25	F
1657	-0.15	F
1658	0.15	F
1659	-0.2	F
1660	0.25	F
1661	-0.3	F
1662	0.15	F
1663	-0.1	F
1664	0.0	F
1665	-0.25	F
1666	0.25	F
1667	-0.15	F
1668	0.15	F
1669	-0.2	F
1670	0.25	F
1671	-0.3	F
1672	0.15	F
1673	-0.1	F
1674	0.0	F
1675	-0.25	F
1676	0.25	F
1677.0	-0.15	T
1679.5116	0.15	T
1682.0233	-0.2	T
1684.5349	0.25	T
1687.0465	-0.3	T
1689.5581	0.15	T
1692.0698	-0.1	T
1694.5814	0.0	T
1697.093	-0.25	T
1699.6046	0.25	T
1700.0	0.15	T
1702.5332	-0.2	T
1705.0665	0.25	T
1707.5997	-0.3	T
1710.1329	0.15	T
1712.6661	-0.1	T
1715.1995	0.0	T
1717.7327	-0.25	T
1720.2659	0.25	T
1722.7992	-0.15	T
1723	-0.2	F
1724	0.25	F
1725	-0.3	F
1726	0.15	F
1727	-0.1	F
1728	0.0	F
1729	-0.25	F
1730	0.25	F
1731	-0.15	F
1732	0.20041889677049873	T
1733	-0.2	F
1734	0.25	F
1735	-0.3	F
1736	0.15	F
1737	-0.1	F
1738	0.0	F
1739	-0.25	F
1740	0.25	F
1741	-0.20668243183380053	T
1742	0.15	F
1743	-0.2	F
1744	0.25	F
1745	-0.3	F
1746	0.15	F
1747	-0.1	F
1748	0.0	F
1749	-0.25	F
1750	0.25	F
1751	-0.15	F
1752	0.15	F
1753	-0.2	F
1754	0.25	F
1755	-0.3	F
1756	0.15	F
1757	-0.1	F
1758	0.0	F
1759	-0.25	F
1760	0.25	F
1761	-0.15	F
1762	0.15	F
1763	-0.2	F
1764	0.25	F
1765	-0.7689794165490548	T
1766	0.15	F
1767	-0.1	F
1768	0.0	F
1769	-0.25	F
1770	0.25	F
1771	-0.15	F
1772	0.15	F
1773	-0.2	F
1774	0.25	F
1775	-0.3	F
1776	0.15	F
1777	-0.1	F
1778	0.0	F
1779.0	-0.25	T
1780.9684	0.25	T
1782.9369	-0.15	T
1784.9053	0.15	T
1786.8737	-0.2	T
1788.8422	0.25	T
1790.8105	-0.3	T
1792.7789	0.15	T
1794.7474	-0.1	T
1796.7158	0.0	T
1797	0.25	F
1798	-0.15	F
1799	0.15	F
1800	-0.2	F
1801	0.25	F
1802	-0.3	F
1803	0.15	F
1804	-0.1	F
1805	0.0	F
1806	-0.25	F
1807	0.6383715615150263	T
1808	-0.15	F
1809	0.15	F
1810	-0.2	F
1811	0.25	F
1812	-0.3	F
1813	0.15	F
1814	-0.1	F
1815	0.0	F
1816	-0.25	F
1817	0.25	F
1818	-0.15	F
1819	0.15	F
1820	-0.2	F
1821	0.25	F
1822	-0.3	F
1823	0.15	F
1824	-0.1	F
1825	0.0	F
1826	-0.25	F
1827	0.25	F
1828	-0.15	F
1829	0.15	F
1830.0	-0.2	T
1832.1367	0.25	T
1834.2733	-0.3	T
1836.41	0.15	T
1838.5468	-0.1	T
1840.6833	0.0	T
1842.8201	-0.25	T
1844.9568	0.25	T
1847.0934	-0.15	T
1849.2301	0.15	T
1850	0.25	F
1851	-0.3	F
1852.0	0.15	T
1852.0608	-0.1	T
1852.1215	0.0	T
1852.1823	-0.25	T
1852.2429	0.25	T
1852.3037	-0.15	T
1852.3645	0.15	T
1852.4252	-0.2	T
1852.486	0.25	T
1852.5468	-0.3	T
1853	-0.1	F
1854	0.0	F
1855	-0.25	F
1856	0.25	F
1857	-0.15	F
1858	0.15	F
1859	-0.2	F
1860	0.25	F
1861	-0.3	F
1862	0.15	F
1863	-0.1	F
1864	0.0	F
1865	-0.25	F
1866	0.25	F
1867	-0.15	F
1868	0.15	F
1869.0	-0.2	T
1871.4143	0.25	T
1873.8285	-0.3	T
1876.2428	0.15	T
1878.6571	-0.1	T
1881.0713	0.0	T
1883.4856	-0.25	T
1885.8999	0.25	T
1888.3141	-0.15	T
1890.7284	0.15	T
1891	0.25	F
1892	-0.2896378820866168	T
1893	0.15	F
1894	-0.1	F
1895	0.0	F
1896	-0.25	F
1897	0.25	F
1898	-0.15	F
1899	0.15	F
1900	-0.2	F
1901	0.25	F
1902	-0.3	F
1903	0.15	F
1904	-0.1	F
1905	0.0	F
1906	-0.25	F
1907	0.25	F
1908	-0.15	F
1909	0.15	F
1910	-0.2	F
1911	0.25	F
1912	-0.3	F
1913	0.15	F
1914	-0.1	F
1915	0.6875859296356684	T
1916	-0.25	F
1917	0.25	F
1918	-0.15	F
1919	0.15	F
1920	-0.2	F
1921	0.25	F
1922	-0.3	F
1923	0.15	F
1924	-0.1	F
1925	0.0	F
1926	-0.25	F
1927	0.25	F
1928	-0.15	F
1929	0.15	F
1930	-0.2	F
1931	0.25	F
1932	-0.3	F
1933	0.15	F
1934	-0.1	F
1935	0.0	F
1936	-0.25	F
1937	0.25	F
1938	-0.15	F
1939	0.15	F
1940	-0.2	F
1941	0.25	F
1942	-0.3	F
1943	0.15	F
1944	-0.9512223469732913	T
1945	0.0	F
1946	-0.25	F
1947	0.25	F
1948	-0.15	F
1949	0.15	F
1950	-0.2	F
1951	0.25	F
1952	-0.3	F
1953	0.15	F
1954	-0.1	F
1955	0.0	F
1956	-0.25	F
1957	0.25	F
1958	-0.15	F
1959	0.15	F
1960	-0.2	F
1961	0.25	F
1962	-0.3	F
1963	0.15	F
1964	-0.1	F
1965	0.0	F
1966	-0.5204665666174471	T
1967	0.25	F
1968.0	-0.15	T
1969.4641	0.15	T
1970.9281	-0.2	T
1972.3922	0.25	T
1973.8563	-0.3	T
1975.3203	0.15	T
1976.7844	-0.1	T
1978.2485	0.0	T
1979.7125	-0.25	T
1981.1766	0.25	T
1982	0.15	F
1983	-0.2	F
1984	0.25	F
1985	-0.3	F
1986	0.15	F
1987	-0.1	F
1988	0.0	F
1989	-0.25	F
1990	0.25	F
1991	-0.15	F
1992	0.15	F
1993	-0.2	F
1994	0.25	F
1995	-0.3	F
1996	0.15	F
1997	-0.1	F
1998	0.0	F
1999	-0.25	F
2000	0.25	F
2001	-0.15	F
2002	0.15	F
2003	-0.2	F
2004	0.25	F
2005	-0.3	F
2006	0.15	F
2007	-0.1	F
2008	0.0	F
2009	-0.25	F
2010	0.25	F
2011	-0.15	F
2012	0.15	F
2013	-0.2	F
2014	0.25	F
2015	-0.3	F
2016	0.15	F
2017	-0.1	F
2018	0.0	F
2019	-0.25	F
2020	0.25	F
2021	-0.15	F
2022	0.42795257346149884	T
2023	-0.2	F
2024	0.25	F
2025	-0.3	F
2026	0.15	F
2027	-0.1	F
2028	0.0	F
2029	-0.25	F
2030	0.25	F
2031	-0.15	F
2032	0.15	F
2033	-0.2	F
2034	0.25	F
2035	-0.3	F
2036	0.15	F
2037	-0.1	F
2038	0.0	F
2039	-0.25	F
2040	0.25	F
2041	-0.15	F
2042	0.15	F
2043	-0.2	F
2044	0.15628538952058058	T
2045	-0.3	F
2046	0.15	F
2047	-0.1	F
2048.0	0.0	T
2048.0278	-0.25	T
2048.0557	0.25	T
2048.0835	-0.15	T
2048.1113	0.15	T
2048.139	-0.2	T
2048.1667	0.25	T
2048.1943	-0.3	T
2048.2222	0.15	T
2048.25	-0.1	T
2049	-0.25	F
2050	0.25	F
2051.0	-0.15	T
2051.3887	0.15	T
2051.7776	-0.2	T
2052.1665	0.25	T
2052.5552	-0.3	T
2052.944	0.15	T
2053.333	-0.1	T
2053.7217	0.0	T
2054.1104	-0.25	T
2054.4993	0.25	T
2055	0.15	F
2056	-0.2	F
2057	0.25	F
2058	-0.3	F
2059	0.15	F
2060	-0.1	F
2061	0.0	F
2062	-0.25	F
2063	0.25	F
2064	-0.15	F
2065	0.15	F
2066	-0.2	F
2067	0.25	F
2068	-0.3	F
2069	0.15	F
2070	-0.1	F
2071	0.0	F
2072	-0.25	F
2073	0.25	F
2074	-0.15	F
2075	0.15	F
2076	-0.2	F
2077	0.25	F
2078	-0.3	F
2079	0.15	F
2080	-0.1	F
2081	0.0	F
2082	-0.25	F
2083	0.25	F
2084	-0.15	F
2085	0.15	F
2086	-0.2	F
2087	0.25	F
2088	-0.3	F
2089	0.15	F
2090	-0.1	F
2091	0.0	F
2092	-0.25	F
2093	0.25	F
2094	-0.15	F
2095	0.15	F
2096	-0.2	F
2097	0.25	F
2098	-0.3	F
2099	0.15	F
2100	-0.1	F
2101	0.0	F
2102	-0.25	F
2103	0.25	F
2104	-0.15	F
2105	0.15	F
2106	-0.2	F
2107	0.25	F
2108	-0.3	F
2109	0.15	F
2110	-0.1	F
2111	0.0	F
2112	-0.25	F
2113	0.25	F
2114	-0.15	F
2115	0.15	F
2116	-0.2	F
2117	0.25	F
2118	-0.3	F
2119	0.15	F
2120	-0.1	F
2121	0.0	F
2122	-0.25	F
2123	0.25	F
2124	-0.15	F
2125	0.15	F
2126	-0.2	F
2127	0.25	F
2128	-0.3	F
2129	0.15	F
2130	-0.1	F
2131	0.0	F
2132	-0.25	F
2133	0.25	F
2134	-0.15	F
2135	0.4214585186479495	T
2136	-0.2	F
2137	0.25	F
2138	-0.3	F
2139	0.15	F
2140	-0.1	F
2141	0.0	F
2142	-0.25	F
2143	0.25	F
2144	-0.15	F
2145	0.15	F
2146	-0.2	F
2147	0.25	F
2148	-0.3	F
2149	0.15	F
2150	-0.1	F
2151	0.0	F
2152	-0.25	F
2153	0.25	F
2154	-0.15	F
2155	0.15	F
2156	-0.2	F
2157	0.25	F
2158	-0.3	F
2159	0.15	F
2160	-0.1	F
2161	0.0	F
2162	-0.25	F
2163	0.25	F
2164	-0.15	F
2165	0.15	F
2166	-0.2	F
2167	0.25	F
2168	-0.3	F
2169	0.15	F
2170	-0.1	F
2171	0.0	F
2172	-0.25	F
2173	0.25	F
2174.0	-0.15	T
2174.4624	0.15	T
2174.9246	-0.2	T
2175.3867	0.25	T
2175.849	-0.3	T
2176.3115	0.15	T
2176.774	-0.1	T
2177.236	0.0	T
2177.6982	-0.25	T
2178.1606	0.25	T
2179	0.15	F
2180	-0.2	F
2181	0.25	F
2182	-0.3	F
2183	0.15	F
2184	-0.1	F
2185	0.0	F
2186	-0.25	F
2187	0.25	F
2188	-0.15	F
2189	0.15	F
2190	-0.2	F
2191	0.25	F
2192	-0.3	F
2193	0.15	F
2194	-0.1	F
2195	0.0	F
2196	-0.25	F
2197	0.25	F
2198	-0.15	F
2199	0.15	F
2200	-0.2	F
2201	0.25	F
2202	-0.3	F
2203	0.15	F
2204	-0.1	F
2205	0.0	F
2206	-0.25	F
2207	0.25	F
2208	-0.15	F
2209	0.15	F
2210	-0.2	F
2211	0.25	F
2212	-0.3	F
2213	0.760034220233021	T
2214	-0.1	F
2215	0.0	F
2216	-0.25	F
2217	0.25	F
2218	-0.15	F
2219	0.15	F
2220	-0.2	F
2221	0.25	F
2222	-0.3	F
2223	0.15	F
2224	-0.1	F
2225	0.0	F
2226	-0.25	F
2227	0.25	F
2228	-0.15	F
2229	0.15	F
2230	-0.2	F
2231	0.25	F
2232	-0.3	F
2233	0.15	F
2234	-0.1	F
2235	0.0	F
2236	-0.25	F
2237	0.25	F
2238.0	-0.15	T
2240.628	0.15	T
2243.2559	-0.2	T
2245.8838	0.25	T
2248.512	-0.3	T
2251.14	0.15	T
2253.768	-0.1	T
2256.396	0.0	T
2259.024	-0.25	T
2261.6519	0.25	T
2262	0.15	F
2263	-0.2	F
2264	0.25	F
2265	-0.3	F
2266	0.15	F
2267	-0.1	F
2268	0.0	F
2269	-0.25	F
2270	0.25	F
2271	-0.15	F
2272	0.15	F
2273	-0.2	F
2274	0.25	F
2275	-0.3	F
2276	0.15	F
2277	-0.1	F
2278	0.0	F
2279	-0.25	F
2280	0.25	F
2281	-0.15	F
2282	0.15	F
2283	-0.2	F
2284	0.25	F
2285	-0.3	F
2286	0.15	F
2287	-0.1	F
2288	0.0	F
2289	-0.25	F
2290	0.25	F
2291	-0.15	F
2292	0.15	F
2293	-0.2	F
2294	0.25	F
2295	-0.3	F
2296	0.15	F
2297	-0.1	F
2298	0.0	F
2299	-0.25	F
2300	0.25	F
2301	-0.15	F
2302	0.15	F
2303	-0.2	F
2304	0.25	F
2305	-0.3	F
2306	0.15	F
2307	-0.1	F
2308	0.0	F
2309	-0.25	F
2310	0.25	F
2311	-0.15	F
2312	0.15	F
2313	-0.2	F
2314	0.25	F
2315	-0.3	F
2316	0.15	F
2317	-0.1	F
2318	0.0	F
2319	-0.25	F
2320	0.25	F
2321	-0.15	F
2322	0.15	F
2323	-0.2	F
2324	0.25	F
2325	-0.3	F
2326	0.15	F
2327	-0.1	F
2328	0.0	F
2329	-0.25	F
2330	0.25	F
2331	-0.15	F
2332	0.15	F
2333	-0.2	F
2334	0.25	F
2335	-0.3	F
2336	0.15	F
2337	-0.1	F
2338	0.0	F
2339	-0.25	F
2340	0.25	F
2341	-0.15	F
2342	0.15	F
2343	-0.2	F
2344	0.25	F
2345	-0.3	F
2346	0.15	F
2347	-0.1	F
2348	0.0	F
2349	-0.25	F
2350	0.25	F
2351	-0.15	F
2352	0.15	F
2353	-0.2	F
2354	0.25	F
2355	-0.3	F
2356	0.15	F
2357	-0.1	F
2358	0.0	F
2359	-0.25	F
2360	0.25	F
2361	-0.15	F
2362	0.15	F
2363	-0.2	F
2364	0.25	F
2365	-0.3	F
2366	0.15	F
2367	-0.1	F
2368	0.0	F
2369	-0.25	F
2370	0.25	F
2371	-0.15	F
2372	0.15	F
2373	-0.2	F
2374	0.25	F
2375	-0.3	F
2376	0.15	F
2377	-0.1	F
2378	0.0	F
2379	-0.25	F
2380	0.25	F
2381	-0.15	F
2382	0.15	F
2383	-0.2	F
2384	0.25	F
2385	-0.3	F
2386	0.15	F
2387	-0.1	F
2388	0.0	F
2389	-0.25120137717125846	T
2390	0.25	F
2391	-0.15	F
2392	0.15	F
2393	-0.2	F
2394	0.25	F
2395	-0.3	F
2396	0.15	F
2397	-0.1	F
2398	0.0	F
2399	-0.25	F
2400	0.25	F
2401	-0.15	F
2402	0.15	F
2403	-0.2	F
2404	0.25	F
2405	-0.3	F
2406	0.9552373693061825	T
2407	-0.1	F
2408	0.0	F
2409	-0.25	F
2410	0.25	F
2411	-0.15	F
2412	0.15	F
2413	-0.2	F
2414	0.25	F
2415	-0.3	F
2416	0.15	F
2417	-0.1	F
2418	0.0	F
2419	-0.25	F
2420	0.4999268913167073	T
2421	-0.15	F
2422	0.15	F
2423	-0.2	F
2424	0.25	F
2425	-0.3	F
2426	0.15	F
2427	-0.1	F
2428	0.0	F
2429	-0.25	F
2430	0.25	F
2431	-0.15	F
2432	0.15	F
2433	-0.2	F
2434	0.25	F
2435	-0.3	F
2436	0.15	F
2437	-0.1	F
2438	0.0	F
2439	-0.25	F
2440	0.25	F
2441	-0.15	F
2442	0.15	F
2443	-0.2	F
2444	0.25	F
2445	-0.8361405024723476	T
2446	0.15	F
2447	-0.1	F
2448	0.0	F
2449	-0.25	F
2450	0.25	F
2451	-0.15	F
2452	0.15	F
2453	-0.2	F
2454	0.25	F
2455	-0.3	F
2456.0	0.15	T
2458.171	-0.1	T
2460.3418	0.0	T
2462.5125	-0.25	T
2464.6833	0.25	T
2466.854	-0.15	T
2469.025	0.15	T
2471.1958	-0.2	T
2473.3667	0.25	T
2475.5376	-0.3	T
2476	-0.1	F
2477	0.0	F
2478	-0.25	F
2479	0.25	F
2480	-0.15	F
2481	0.15	F
2482	-0.2	F
2483	0.25	F
2484	-0.3	F
2485	0.15	F
2486	-0.1	F
2487	0.0	F
2488	-0.25	F
2489	0.25	F
2490	-0.15	F
2491	0.15	F
2492	-0.2	F
2493	0.25	F
2494	-0.3	F
2495	0.15	F
2496	-0.1	F
2497	0.0	F
2498	-0.25	F
2499	0.25	F
2500	-0.15	F
2501	0.15	F
2502	-0.2	F
2503	0.25	F
2504	-0.3	F
2505	0.15	F
2506	-0.1	F
2507	0.0	F
2508	-0.25	F
2509	0.25	F
2510	-0.15	F
2511	0.15	F
2512	-0.2	F
2513	0.25	F
2514	-0.3	F
2515	0.15	F
2516	-0.8521476681452416	T
2517	0.0	F
2518	-0.25	F
2519	0.25	F
2520	-0.15	F
2521	0.15	F
2522	-0.2	F
2523	0.25	F
2524	-0.5755094786451783	T
2525	0.15	F
2526	-0.1	F
2527	0.0	F
2528	-0.25	F
2529	0.25	F
2530	-0.15	F
2531	0.0796383651613497	T
2532	-0.2	F
2533	0.25	F
2534	-0.3	F
2535	0.15	F
2536	-0.12237198400466875	T
2537	0.0	F
2538	-0.25	F
2539	0.8005417043450548	T
2540	-0.15	F
2541	0.15	F
2542	-0.2	F
2543	0.25	F
2544	-0.3	F
2545	0.15	F
2546	-0.1	F
2547	0.0	F